Copy_Books,Copy_Books
Post_Office_Problem,Post_Office_Problem
Building_Outline,Sliding_Window_Median
Convert_Expression_to_Polish_Notation,Evaluate_Reverse_Polish_Notation
Convert_Expression_to_Polish_Notation,Convert_Expression_to_Reverse_Polish_Notation
Convert_Expression_to_Polish_Notation,Expression_Evaluation
Convert_Expression_to_Reverse_Polish_Notation,Evaluate_Reverse_Polish_Notation
Convert_Expression_to_Reverse_Polish_Notation,Convert_Expression_to_Polish_Notation
Convert_Expression_to_Reverse_Polish_Notation,Expression_Evaluation
Count_of_Smaller_Number_before_itself,Count_of_Smaller_Number
Longest_Substring_with_At_Most_K_Distinct_Characters,Longest_Substring_Without_Repeating_Characters
The_Smallest_Difference,The_Smallest_Difference
Expression_Tree_Build,Expression_Evaluation
Convert_Sorted_Array_to_Binary_Search_Tree_With__Minimal_Height,Convert_Sorted_List_to_Binary_Search_Tree
Coins_in_a_Line,Coins_in_a_Line_III
Coins_in_a_Line,Coins_in_a_Line_II
Coins_in_a_Line_II,Coins_in_a_Line_III
Coins_in_a_Line_II,Coins_in_a_Line
Nuts_&_Bolts_Problem,First_Bad_Version
Coins_in_a_Line_III,Coins_in_a_Line_II
Coins_in_a_Line_III,Coins_in_a_Line
Continuous_Subarray_Sum,Maximum_Subarray
Continuous_Subarray_Sum_II,Continuous_Subarray_Sum_II
Find_the_Connected_Component_in_the_Undirected_Graph,Find_the_Connected_Component_in_the_Undirected_Graph
Space_Replacement,Merge_Sorted_Array
Find_the_Weak_Connected_Component__in_the_Directed_Graph,Number_of_Islands_II
Find_the_Weak_Connected_Component__in_the_Directed_Graph,Find_the_Weak_Connected_Component__in_the_Directed_Graph
Number_of_Islands_II,Number_of_Islands
Number_of_Islands_II,Find_the_Weak_Connected_Component__in_the_Directed_Graph
Rotate_Array,Rotate_List
Rotate_Array,Reverse_Words_in_a_String_II
Reverse_Bits,Number_of_1_Bits
Number_of_1_Bits,Reverse_Bits
Number_of_1_Bits,Power_of_Two
House_Robber,Fibonacci
House_Robber,Climbing_Stairs
Binary_Tree_Right_Side_View,Populating_Next_Right_Pointers_in_Each_Node
Number_of_Islands,Number_of_Islands_II
Happy_Number,Add_Digits
Happy_Number,Ugly_Number
Remove_Linked_List_Elements,Remove_Element
Remove_Linked_List_Elements,Delete_Node_in_a_Linked_List
Implement_Trie_(Prefix_Tree),Add_and_Search_Word_-_Data_structure_design
Minimum_Size_Subarray_Sum,Subarray_Sum_Closest
Minimum_Size_Subarray_Sum,Subarray_Sum
Add_and_Search_Word_-_Data_structure_design,Implement_Trie_(Prefix_Tree)
Word_Search_II,Word_Search_II
Shortest_Palindrome,Longest_Palindromic_Substring
Shortest_Palindrome,Implement_strStr()
Kth_Largest_Element_in_an_Array,Kth_Largest_Element_in_an_Array
Contains_Duplicate,Contains_Duplicate_II
Contains_Duplicate,Contains_Duplicate_III
Contains_Duplicate_II,Contains_Duplicate
Contains_Duplicate_II,Contains_Duplicate_III
Contains_Duplicate_III,Contains_Duplicate
Contains_Duplicate_III,Contains_Duplicate_II
Count_Complete_Tree_Nodes,Closest_Binary_Search_Tree_Value
Basic_Calculator,Evaluate_Reverse_Polish_Notation
Basic_Calculator,Basic_Calculator_II
Basic_Calculator,Different_Ways_to_Add_Parentheses
Basic_Calculator,Expression_Add_Operators
Implement_Stack_using_Queues,Implement_Queue_using_Stacks
Basic_Calculator_II,Basic_Calculator
Basic_Calculator_II,Expression_Add_Operators
Kth_Smallest_Element_in_a_BST,Binary_Tree_Inorder_Traversal
Number_of_Digit_One,Factorial_Trailing_Zeroes
Lowest_Common_Ancestor_of_a_Binary_Search_Tree,Lowest_Common_Ancestor_of_a_Binary_Tree
Lowest_Common_Ancestor_of_a_Binary_Tree,Lowest_Common_Ancestor_of_a_Binary_Search_Tree
Delete_Node_in_a_Linked_List,Remove_Linked_List_Elements
Product_of_Array_Except_Self,Trapping_Rain_Water
Product_of_Array_Except_Self,Maximum_Product_Subarray
Product_of_Array_Except_Self,Paint_House_II
Sliding_Window_Maximum,Sliding_Window_Median
Search_a_2D_Matrix_II,Search_a_2D_Matrix
Different_Ways_to_Add_Parentheses,Unique_Binary_Search_Trees_II
Different_Ways_to_Add_Parentheses,Basic_Calculator
Different_Ways_to_Add_Parentheses,Expression_Add_Operators
Valid_Anagram,Group_Anagrams
Valid_Anagram,Palindrome_Permutation
Add_Digits,Happy_Number
Single_Number_III,Single_Number_II
Single_Number_III,Single_Number
Single_Number_III,Majority_Number_III
Single_Number_III,Majority_Number_II
Single_Number_III,Majority_Number
First_Bad_Version,Nuts_&_Bolts_Problem
Perfect_Squares,Count_Primes
Perfect_Squares,Ugly_Number_II
Expression_Add_Operators,Evaluate_Reverse_Polish_Notation
Expression_Add_Operators,Basic_Calculator
Expression_Add_Operators,Basic_Calculator_II
Expression_Add_Operators,Different_Ways_to_Add_Parentheses
Move_Zeroes,Remove_Element
Peeking_Iterator,Binary_Search_Tree_Iterator
Peeking_Iterator,Flatten_2D_Vector
Peeking_Iterator,Zigzag_Iterator
Find_the_Duplicate_Number,First_Missing_Positive
Find_the_Duplicate_Number,Single_Number
Find_the_Duplicate_Number,Linked_List_Cycle_II
Find_the_Duplicate_Number,Missing_Number
Longest_Increasing_Continuous_subsequence,Longest_Increasing_Continuous_subsequence_II
Longest_Increasing_Continuous_subsequence_II,Longest_Increasing_Continuous_subsequence
Binary_Tree_Serialization,Search_Range_in_Binary_Search_Tree
Search_Range_in_Binary_Search_Tree,Binary_Search
Search_Range_in_Binary_Search_Tree,Binary_Tree_Serialization
Partition_Array,Partition_Array_by_Odd_and_Even
Partition_Array,Interleaving_Positive_and_Negative_Numbers
Partition_Array,Partition_List
Maximum_Subarray_II,Maximum_Product_Subarray
Maximum_Subarray_II,Best_Time_to_Buy_and_Sell_Stock_III
Maximum_Subarray_II,Maximum_Subarray_III
Maximum_Subarray_III,Best_Time_to_Buy_and_Sell_Stock_III
Maximum_Subarray_III,Best_Time_to_Buy_and_Sell_Stock_II
Maximum_Subarray_III,Best_Time_to_Buy_and_Sell_Stock
Maximum_Subarray_III,Maximum_Subarray_Difference
Maximum_Subarray_III,Maximum_Subarray_III
Maximum_Subarray_III,Maximum_Subarray_II
Maximum_Subarray_III,Maximum_Subarray
Majority_Number,Single_Number_III
Majority_Number,Single_Number_II
Majority_Number,Single_Number
Majority_Number,Majority_Number_III
Majority_Number,Majority_Number_II
Majority_Number,Digit_Counts
Majority_Number_III,Single_Number_III
Majority_Number_III,Single_Number_II
Majority_Number_III,Single_Number
Majority_Number_III,Majority_Number_III
Majority_Number_III,Majority_Number_II
Majority_Number_III,Majority_Number
Majority_Number_II,Single_Number_III
Majority_Number_II,Single_Number_II
Majority_Number_II,Single_Number
Majority_Number_II,Majority_Number_III
Majority_Number_II,Majority_Number_II
Majority_Number_II,Majority_Number
3_Sum,Triangle_Count
3_Sum,3_Sum_Closest
3_Sum,2_Sum
4_Sum,4_Sum
Remove_Node_in_Binary_Search_Tree,Insert_Node_in_a_Binary_Search_Tree
Sort_List,Insertion_Sort_List
Subarray_Sum,Submatrix_Sum
Subarray_Sum,Subarray_Sum_II
Subarray_Sum,Minimum_Size_Subarray_Sum
Subarray_Sum,Subarray_Sum_Closest
Regular_Expression_Matching,Wildcard_Matching
Update_Bits,Binary_Representation
Binary_Representation,Update_Bits
Wood_Cut,Wood_Cut
Segment_Tree_Build,Segmemt_Tree_Build_II
Segment_Tree_Build,Segment_Tree_Query_II
Segment_Tree_Build,Segment_Tree_Modify
Segment_Tree_Build,Segment_Tree_Query
Segment_Tree_Build,Segment_Tree_Build
Singleton,Assignment_Operator_Overloading_(C++_Only)
Segment_Tree_Query_II,Segment_Tree_Modify
Segment_Tree_Query_II,Segment_Tree_Query
Segment_Tree_Query_II,Segment_Tree_Build
Segment_Tree_Query,Segment_Tree_Query_II
Segment_Tree_Query,Segment_Tree_Modify
Segment_Tree_Query,Segment_Tree_Build
Interval_Minimum_Number,Interval_Sum_II
Interval_Minimum_Number,Interval_Sum
Segment_Tree_Modify,Segment_Tree_Query_II
Segment_Tree_Modify,Segment_Tree_Query
Segment_Tree_Modify,Segment_Tree_Build
Interval_Sum,Interval_Sum_II
Interval_Sum,Interval_Minimum_Number
Sliding_Window_Median,Building_Outline
Sliding_Window_Median,Sliding_Window_Maximum
Sliding_Window_Median,Data_Stream_Median
Count_of_Smaller_Number,Count_of_Smaller_Number_before_itself
Game_of_Life,Set_Matrix_Zeroes
Ugly_Number_II,Merge_k_Sorted_Lists
Ugly_Number_II,Count_Primes
Ugly_Number_II,Ugly_Number
Ugly_Number_II,Perfect_Squares
Encode_and_Decode_Strings,Encode_and_Decode_Strings
Closest_Binary_Search_Tree_Value,Closest_Binary_Search_Tree_Value
H-Index_II,H-Index
H-Index,H-Index_II
Missing_Number,First_Missing_Positive
Missing_Number,Single_Number
Missing_Number,Find_the_Duplicate_Number
Ugly_Number,Merge_k_Sorted_Lists
Integer_to_English_Words,Integer_to_Roman
Combination_Sum_II,Combination_Sum_II
Palindrome_Permutation,Palindrome_Permutation
Find_the_Celebrity,Find_the_Celebrity
Paint_Fence,Paint_Fence
Two_Sum,3Sum
Two_Sum,4Sum
Two_Sum,Two_Sum_II_-_Input_array_is_sorted
Two_Sum,Two_Sum_III_-_Data_structure_design
Closest_Binary_Search_Tree_Value_II,Closest_Binary_Search_Tree_Value_II
Alien_Dictionary,Alien_Dictionary
Palindrome_Permutation_II,Palindrome_Permutation_II
Paint_House_II,Paint_House_II
Add_Two_Numbers,Add_Two_Numbers
Longest_Substring_Without_Repeating_Characters,Longest_Substring_with_At_Most_K_Distinct_Characters
Median_of_Two_Sorted_Arrays,Median_of_Two_Sorted_Arrays
Longest_Palindromic_Substring,Valid_Palindrome
Longest_Palindromic_Substring,Longest_Palindromic_Substring
Longest_Palindromic_Substring,Palindrome_Partitioning
Longest_Palindromic_Substring,Palindrome_Partitioning_II
ZigZag_Conversion,ZigZag_Conversion
Reverse_Integer,Reverse_Integer
String_to_Integer_(atoi),Reverse_Integer
String_to_Integer_(atoi),Valid_Number
Palindrome_Number,Palindrome_Linked_List
Container_With_Most_Water,Trapping_Rain_Water
Integer_to_Roman,Roman_to_Integer
Roman_to_Integer,Integer_to_Roman
Longest_Common_Prefix,Longest_Common_Prefix
3Sum,Two_Sum
3Sum,3Sum_Closest
3Sum,4Sum
3Sum,3Sum_Smaller
3Sum_Closest,3Sum
3Sum_Closest,3Sum_Smaller
Letter_Combinations_of_a_Phone_Number,Generate_Parentheses
Letter_Combinations_of_a_Phone_Number,Combination_Sum
4Sum,Two_Sum
4Sum,3Sum
Remove_Nth_Node_From_End_of_List,Delete_Node_in_the_Middle_of_Singly_Linked_List
Valid_Parentheses,Valid_Parentheses
Merge_Two_Sorted_Lists,Merge_Sorted_Array_II
Generate_Parentheses,Letter_Combinations_of_a_Phone_Number
Generate_Parentheses,Valid_Parentheses
Merge_k_Sorted_Lists,Merge_Sorted_Array_II
Merge_k_Sorted_Lists,Ugly_Number
Swap_Nodes_in_Pairs,Reverse_Nodes_in_k-Group
Reverse_Nodes_in_k-Group,Swap_Nodes_in_Pairs
Remove_Duplicates_from_Sorted_Array,Remove_Element
Remove_Duplicates_from_Sorted_Array,Remove_Duplicates_from_Sorted_Array_II
Remove_Element,Remove_Duplicates_from_Sorted_Array_II
Remove_Element,Remove_Duplicates_from_Sorted_Array
Implement_strStr(),Shortest_Palindrome
Divide_Two_Integers,Plus_One
Divide_Two_Integers,Add_Binary
Substring_with_Concatenation_of_All_Words,Minimum_Window_Substring
Next_Permutation,Permutation_Sequence
Next_Permutation,Previous_Permutation
Next_Permutation,Permutations_II
Longest_Valid_Parentheses,Valid_Parentheses
Search_in_Rotated_Sorted_Array,Search_a_2D_Matrix
Search_for_a_Range,Search_for_a_Range
Search_Insert_Position,Search_Insert_Position
Valid_Sudoku,Valid_Sudoku
Sudoku_Solver,Valid_Sudoku
Count_and_Say,Count_and_Say
Combination_Sum,Combination_Sum
First_Missing_Positive,Find_the_Missing_Number
Trapping_Rain_Water,Container_With_Most_Water
Trapping_Rain_Water,Trapping_Rain_Water_II
Multiply_Strings,Add_Two_Numbers
Multiply_Strings,Plus_One
Multiply_Strings,Add_Binary
Wildcard_Matching,Regular_Expression_Matching
Jump_Game_II,Jump_Game_II
Permutations,Print_Numbers_by_Recursion
Permutations,Permutation_Sequence
Permutations,Permutations_II
Permutations_II,Next_Permutation_II
Permutations_II,Permutation_Sequence
Permutations_II,Next_Permutation
Permutations_II,Permutations
Rotate_Image,Matrix_Zigzag_Traversal
Rotate_Image,Set_Matrix_Zeroes
Rotate_Image,Rotate_String
Group_Anagrams,Valid_Anagram
Group_Anagrams,Group_Shifted_Strings
"Pow(x,_n)",Sqrt(x)
N-Queens,Combinations
N-Queens,N-Queens_II
N-Queens_II,Combinations
N-Queens_II,N-Queens
Maximum_Subarray,Continuous_Subarray_Sum
Maximum_Subarray,Best_Time_to_Buy_and_Sell_Stock_III
Maximum_Subarray,Maximum_Subarray_III
Spiral_Matrix,Spiral_Matrix_II
Jump_Game,Jump_Game
Merge_Intervals,Number_of_Airplanes_in_the_Sky
Merge_Intervals,Insert_Interval
Insert_Interval,Merge_Intervals
Length_of_Last_Word,Longest_Words
Spiral_Matrix_II,Spiral_Matrix
Permutation_Sequence,Next_Permutation
Permutation_Sequence,Previous_Permutation
Permutation_Sequence,Permutations_II
Permutation_Sequence,Permutations
Rotate_List,Rotate_String
Unique_Paths,Unique_Paths
Unique_Paths_II,Unique_Paths_II
Minimum_Path_Sum,Binary_Tree_Maximum_Path_Sum
Valid_Number,Valid_Number
Plus_One,Divide_Two_Integers
Plus_One,Add_Binary
Add_Binary,Divide_Two_Integers
Add_Binary,Plus_One
Text_Justification,Text_Justification
Sqrt(x),Binary_Search
Climbing_Stairs,Fibonacci
Climbing_Stairs,House_Robber
Simplify_Path,Simplify_Path
Edit_Distance,Longest_Common_Subsequence
Set_Matrix_Zeroes,Rotate_Image
Search_a_2D_Matrix,Search_in_Rotated_Sorted_Array
Search_a_2D_Matrix,Search_a_2D_Matrix_II
Sort_Colors,Sort_Colors_II
Sort_Colors,Recover_Rotated_Sorted_Array
Minimum_Window_Substring,Minimum_Window_Substring
Combinations,N-Queens_II
Combinations,N-Queens
Subsets,Subsets_II
Word_Search,Word_Search
Remove_Duplicates_from_Sorted_Array_II,Remove_Element
Remove_Duplicates_from_Sorted_Array_II,Remove_Duplicates_from_Sorted_Array
Search_in_Rotated_Sorted_Array_II,Search_in_Rotated_Sorted_Array_II
Remove_Duplicates_from_Sorted_List_II,Remove_Duplicates_from_Sorted_List_II
Remove_Duplicates_from_Sorted_List,Remove_Duplicates_from_Sorted_List
Largest_Rectangle_in_Histogram,Max_Tree
Maximal_Rectangle,Largest_Rectangle_in_Histogram
Maximal_Rectangle,Maximal_Square
Partition_List,Partition_Array
Scramble_String,Scramble_String
Merge_Sorted_Array,Space_Replacement
Merge_Sorted_Array,Merge_Sorted_Array_II
Gray_Code,Gray_Code
Subsets_II,Subsets
Decode_Ways,Decode_Ways
Reverse_Linked_List_II,Reverse_Words_in_a_String
Reverse_Linked_List_II,Reverse_Linked_List
Restore_IP_Addresses,Restore_IP_Addresses
Binary_Tree_Inorder_Traversal,Binary_Tree_Preorder_Traversal
Unique_Binary_Search_Trees_II,Unique_Binary_Search_Trees_II
Unique_Binary_Search_Trees,Binary_Search
Interleaving_String,Distinct_Subsequences
Validate_Binary_Search_Tree,Balanced_Binary_Tree
Recover_Binary_Search_Tree,Recover_Binary_Search_Tree
Same_Tree,Same_Tree
Symmetric_Tree,Symmetric_Tree
Binary_Tree_Level_Order_Traversal,Binary_Tree_Level_Order_Traversal
Binary_Tree_Zigzag_Level_Order_Traversal,Binary_Tree_Zigzag_Level_Order_Traversal
Maximum_Depth_of_Binary_Tree,Minimum_Depth_of_Binary_Tree
Construct_Binary_Tree_from_Preorder_and_Inorder_Traversal,Construct_Binary_Tree_from_Preorder_and_Inorder_Traversal
Construct_Binary_Tree_from_Inorder_and_Postorder_Traversal,Construct_Binary_Tree_from_Inorder_and_Postorder_Traversal
Binary_Tree_Level_Order_Traversal_II,Binary_Tree_Level_Order_Traversal_II
Convert_Sorted_Array_to_Binary_Search_Tree,Convert_Sorted_List_to_Binary_Search_Tree
Convert_Sorted_List_to_Binary_Search_Tree,Convert_Sorted_Array_to_Binary_Search_Tree_With__Minimal_Height
Minimum_Depth_of_Binary_Tree,Maximum_Depth_of_Binary_Tree
Path_Sum,Path_Sum_II
Path_Sum,Binary_Tree_Maximum_Path_Sum
Path_Sum,Sum_Root_to_Leaf_Numbers
Balanced_Binary_Tree,Validate_Binary_Search_Tree
Path_Sum_II,Path_Sum
Path_Sum_II,Binary_Tree_Paths
Flatten_Binary_Tree_to_Linked_List,Flatten_Binary_Tree_to_Linked_List
Distinct_Subsequences,Interleaving_String
Populating_Next_Right_Pointers_in_Each_Node,Populating_Next_Right_Pointers_in_Each_Node_II
Populating_Next_Right_Pointers_in_Each_Node,Binary_Tree_Right_Side_View
Populating_Next_Right_Pointers_in_Each_Node_II,Populating_Next_Right_Pointers_in_Each_Node
Pascal's_Triangle,Pascal's_Triangle_II
Pascal's_Triangle_II,Pascal's_Triangle
Triangle,Triangle
Best_Time_to_Buy_and_Sell_Stock,Best_Time_to_Buy_and_Sell_Stock_IV
Best_Time_to_Buy_and_Sell_Stock,Maximum_Product_Subarray
Best_Time_to_Buy_and_Sell_Stock,Best_Time_to_Buy_and_Sell_Stock_III
Best_Time_to_Buy_and_Sell_Stock,Maximum_Subarray_III
Best_Time_to_Buy_and_Sell_Stock_II,Best_Time_to_Buy_and_Sell_Stock_IV
Best_Time_to_Buy_and_Sell_Stock_II,Best_Time_to_Buy_and_Sell_Stock_III
Best_Time_to_Buy_and_Sell_Stock_II,Maximum_Subarray_III
Best_Time_to_Buy_and_Sell_Stock_III,Best_Time_to_Buy_and_Sell_Stock_IV
Best_Time_to_Buy_and_Sell_Stock_III,Best_Time_to_Buy_and_Sell_Stock_III
Best_Time_to_Buy_and_Sell_Stock_III,Best_Time_to_Buy_and_Sell_Stock_II
Best_Time_to_Buy_and_Sell_Stock_III,Best_Time_to_Buy_and_Sell_Stock
Best_Time_to_Buy_and_Sell_Stock_III,Maximum_Subarray_Difference
Best_Time_to_Buy_and_Sell_Stock_III,Maximum_Subarray_III
Best_Time_to_Buy_and_Sell_Stock_III,Maximum_Subarray_II
Best_Time_to_Buy_and_Sell_Stock_III,Maximum_Subarray
Binary_Tree_Maximum_Path_Sum,Minimum_Path_Sum
Valid_Palindrome,Longest_Palindromic_Substring
Word_Ladder_II,Word_Ladder
Word_Ladder,Word_Ladder_II
Longest_Consecutive_Sequence,Longest_Consecutive_Sequence
Sum_Root_to_Leaf_Numbers,Path_Sum
Sum_Root_to_Leaf_Numbers,Binary_Tree_Maximum_Path_Sum
Surrounded_Regions,Number_of_Islands
Surrounded_Regions,Walls_and_Gates
Palindrome_Partitioning,Longest_Palindromic_Substring
Palindrome_Partitioning_II,Longest_Palindromic_Substring
Clone_Graph,Route_Between_Two_Nodes_in_Graph
Gas_Station,Gas_Station
Candy,Candy
Single_Number,Single_Number_III
Single_Number,Single_Number_II
Single_Number,Majority_Number_III
Single_Number,Majority_Number_II
Single_Number,Majority_Number
Single_Number_II,Single_Number_III
Single_Number_II,Single_Number
Single_Number_II,Majority_Number_III
Single_Number_II,Majority_Number_II
Single_Number_II,Majority_Number
Copy_List_with_Random_Pointer,Copy_List_with_Random_Pointer
Word_Break,Word_Break
Word_Break_II,Word_Break
Linked_List_Cycle,Linked_List_Cycle
Linked_List_Cycle_II,Linked_List_Cycle_II
Binary_Tree_Preorder_Traversal,Binary_Tree_Postorder_Traversal
Binary_Tree_Preorder_Traversal,Binary_Tree_Inorder_Traversal
Binary_Tree_Postorder_Traversal,Binary_Tree_Preorder_Traversal
LRU_Cache,LRU_Cache
Insertion_Sort_List,Sort_List
Max_Points_on_a_Line,Max_Points_on_a_Line
Evaluate_Reverse_Polish_Notation,Convert_Expression_to_Reverse_Polish_Notation
Evaluate_Reverse_Polish_Notation,Convert_Expression_to_Polish_Notation
Reverse_Words_in_a_String,Reverse_Linked_List_II
Reverse_Words_in_a_String,Reverse_Linked_List
Maximum_Product_Subarray,Best_Time_to_Buy_and_Sell_Stock
Maximum_Product_Subarray,Maximum_Subarray_Difference
Maximum_Product_Subarray,Minimum_Subarray
Maximum_Product_Subarray,Maximum_Subarray_II
Find_Minimum_in_Rotated_Sorted_Array,Find_Minimum_in_Rotated_Sorted_Array_II
Find_Minimum_in_Rotated_Sorted_Array_II,Find_Minimum_in_Rotated_Sorted_Array
Min_Stack,Max_Tree
Min_Stack,Implement_Queue_by_Two_Stacks
Intersection_of_Two_Linked_Lists,Intersection_of_Two_Linked_Lists
Find_Peak_Element,Find_Peak_Element_II
Maximum_Gap,Maximum_Gap
Compare_Version_Numbers,Compare_Version_Numbers
Fraction_to_Recurring_Decimal,Fraction_to_Recurring_Decimal
Excel_Sheet_Column_Title,Excel_Sheet_Column_Number
Majority_Element,Majority_Element_II
Longest_Substring_with_At_Most_Two_Distinct_Characters,Longest_Substring_with_At_Most_Two_Distinct_Characters
Read_N_Characters_Given_Read4_II_-_Call_multiple_times,Read_N_Characters_Given_Read4_II_-_Call_multiple_times
Read_N_Characters_Given_Read4,Read_N_Characters_Given_Read4
Binary_Tree_Upside_Down,Binary_Tree_Upside_Down
Excel_Sheet_Column_Number,Excel_Sheet_Column_Title
One_Edit_Distance,One_Edit_Distance
Factorial_Trailing_Zeroes,Number_of_Digit_One
Binary_Search_Tree_Iterator,Binary_Search_Tree_Iterator
Two_Sum_II_-_Input_array_is_sorted,Two_Sum_II_-_Input_array_is_sorted
Missing_Ranges,Missing_Ranges
Dungeon_Game,Unique_Paths
Dungeon_Game,Minimum_Path_Sum
Largest_Number,Delete_Digits
Two_Sum_III_-_Data_structure_design,Two_Sum_III_-_Data_structure_design
Repeated_DNA_Sequences,Repeated_DNA_Sequences
Best_Time_to_Buy_and_Sell_Stock_IV,Best_Time_to_Buy_and_Sell_Stock_III
Best_Time_to_Buy_and_Sell_Stock_IV,Best_Time_to_Buy_and_Sell_Stock_II
Best_Time_to_Buy_and_Sell_Stock_IV,Best_Time_to_Buy_and_Sell_Stock
Bitwise_AND_of_Numbers_Range,Bitwise_AND_of_Numbers_Range
Reverse_Words_in_a_String_II,Reverse_Words_in_a_String_II
Count_Primes,Ugly_Number
Count_Primes,Ugly_Number_II
Count_Primes,Perfect_Squares
Isomorphic_Strings,Isomorphic_Strings
Reverse_Linked_List,Reverse_Words_in_a_String
Reverse_Linked_List,Reverse_Linked_List_II
Course_Schedule,Course_Schedule_II
Course_Schedule,Graph_Valid_Tree
Course_Schedule_II,Course_Schedule
Course_Schedule_II,Alien_Dictionary
House_Robber_II,House_Robber
House_Robber_II,Paint_House
House_Robber_II,Paint_Fence
Combination_Sum_III,Combination_Sum
The_Skyline_Problem,The_Skyline_Problem
Maximal_Square,Maximal_Square
Rectangle_Area,Rectangle_Area
Invert_Binary_Tree,Invert_Binary_Tree
Summary_Ranges,Missing_Ranges
Majority_Element_II,Majority_Element
Power_of_Two,Number_of_1_Bits
Implement_Queue_using_Stacks,Implement_Stack_using_Queues
Palindrome_Linked_List,Palindrome_Number
Palindrome_Linked_List,Valid_Palindrome
Palindrome_Linked_List,Reverse_Linked_List
Binary_Tree_Paths,Path_Sum_II
Strobogrammatic_Number,Strobogrammatic_Number
Shortest_Word_Distance_III,Shortest_Word_Distance_III
Shortest_Word_Distance_II,Shortest_Word_Distance_II
Group_Shifted_Strings,Group_Shifted_Strings
Shortest_Word_Distance,Shortest_Word_Distance
Strobogrammatic_Number_III,Strobogrammatic_Number_III
Strobogrammatic_Number_II,Strobogrammatic_Number_II
Factor_Combinations,Factor_Combinations
Meeting_Rooms_II,Meeting_Rooms_II
Meeting_Rooms,Meeting_Rooms
Flatten_2D_Vector,Flatten_2D_Vector
Count_Univalue_Subtrees,Count_Univalue_Subtrees
Paint_House,Paint_House
Verify_Preorder_Sequence_in_Binary_Search_Tree,Verify_Preorder_Sequence_in_Binary_Search_Tree
3Sum_Smaller,3Sum_Smaller
Zigzag_Iterator,Zigzag_Iterator
Wiggle_Sort,Wiggle_Sort
Graph_Valid_Tree,Graph_Valid_Tree
Walls_and_Gates,Walls_and_Gates
Inorder_Successor_in_BST,Inorder_Successor_in_BST
Unique_Word_Abbreviation,Unique_Word_Abbreviation
Cosine_Similarity,Cosine_Similarity
Kth_Smallest_Number_in_Sorted_Matrix,Kth_Largest_Element
Subarray_Sum_II,Subarray_Sum_Closest
Subarray_Sum_II,Subarray_Sum
A_+_B_Problem,A_+_B_Problem
Trailing_Zeros,Trailing_Zeros
Fizz_Buzz,Fizz_Buzz
Digit_Counts,Majority_Number
Rotate_String,Rotate_List
Rotate_String,Rotate_Image
Rotate_String,Recover_Rotated_Sorted_Array
Kth_Largest_Element,Kth_Smallest_Number_in_Sorted_Matrix
Merge_Sorted_Array_II,Merge_Two_Sorted_Lists
Merge_Sorted_Array_II,Merge_k_Sorted_Lists
Merge_Sorted_Array_II,Merge_Sorted_Array
strStr,strStr
Binary_Search,Unique_Binary_Search_Trees
Binary_Search,Sqrt(x)
Binary_Search,Search_Range_in_Binary_Search_Tree
Recover_Rotated_Sorted_Array,Sort_Colors
Recover_Rotated_Sorted_Array,Rotate_String
Implement_Queue_by_Two_Stacks,Min_Stack
Minimum_Subarray,Maximum_Product_Subarray
Maximum_Subarray_Difference,Maximum_Product_Subarray
Maximum_Subarray_Difference,Best_Time_to_Buy_and_Sell_Stock_III
Maximum_Subarray_Difference,Maximum_Subarray_III
String_to_Integer(atoi),Compare_Strings
Previous_Permutation,Permutation_Sequence
Previous_Permutation,Permutation_Index
Previous_Permutation,Next_Permutation
Sort_Letters_by_Case,Sort_Letters_by_Case
Product_of_Array_Exclude_Itself,Product_of_Array_Exclude_Itself
2_Sum,Triangle_Count
2_Sum,3_Sum_Closest
2_Sum,3_Sum
3_Sum_Closest,3_Sum
3_Sum_Closest,2_Sum
Compare_Strings,Two_Strings_Are_Anagrams
Compare_Strings,String_to_Integer(atoi)
Median_of_two_Sorted_Arrays,Data_Stream_Median
Median_of_two_Sorted_Arrays,Median
Longest_Increasing_Subsequence,Longest_Increasing_Subsequence
Median,Data_Stream_Median
Median,Median_of_two_Sorted_Arrays
Longest_Common_Subsequence,Edit_Distance
Longest_Common_Subsequence,Longest_Common_Substring
Longest_Common_Substring,Longest_Common_Subsequence
Data_Stream_Median,Sliding_Window_Median
Data_Stream_Median,Median
Data_Stream_Median,Median_of_two_Sorted_Arrays
k_Sum,k_Sum_II
k_Sum_II,k_Sum
Lowest_Common_Ancestor,Lowest_Common_Ancestor
Insert_Node_in_a_Binary_Search_Tree,Remove_Node_in_Binary_Search_Tree
Minimum_Adjustment_Cost,Minimum_Adjustment_Cost
Backpack,Backpack_II
Reorder_List,Reorder_List
Topological_Sorting,Topological_Sorting
Rehashing,Rehashing
Max_Tree,Largest_Rectangle_in_Histogram
Max_Tree,Min_Stack
Heapify,Heapify
Backpack_II,Backpack
Hash_Function,Hash_Function
Fast_Power,Fast_Power
Subarray_Sum_Closest,Submatrix_Sum
Subarray_Sum_Closest,Subarray_Sum_II
Subarray_Sum_Closest,Minimum_Size_Subarray_Sum
Subarray_Sum_Closest,Subarray_Sum
Sort_Colors_II,Sort_Colors
O(1)_Check_Power_of_2,Count_1_in_Binary
Interleaving_Positive_and_Negative_Numbers,Partition_Array
Unique_Characters,Unique_Characters
Two_Strings_Are_Anagrams,Anagrams
Two_Strings_Are_Anagrams,Compare_Strings
Delete_Digits,Largest_Number
Anagrams,Two_Strings_Are_Anagrams
Nth_to_Last_Node_in_List,Nth_to_Last_Node_in_List
Route_Between_Two_Nodes_in_Graph,Clone_Graph
Flip_Bits,Flip_Bits
Matrix_Zigzag_Traversal,Rotate_Image
Permutation_Index_II,Next_Permutation_II
Permutation_Index,Next_Permutation_II
Permutation_Index,Previous_Permutation
Interval_Sum_II,Interval_Sum
Interval_Sum_II,Interval_Minimum_Number
Trapping_Rain_Water_II,Trapping_Rain_Water
Expression_Evaluation,Expression_Tree_Build
Expression_Evaluation,Convert_Expression_to_Reverse_Polish_Notation
Expression_Evaluation,Convert_Expression_to_Polish_Notation
Number_of_Airplanes_in_the_Sky,Merge_Intervals
Find_Peak_Element_II,Find_Peak_Element
Print_Numbers_by_Recursion,Permutations
Assignment_Operator_Overloading_(C++_Only),Singleton
Triangle_Count,3_Sum
Triangle_Count,2_Sum
Subtree,Subtree
Count_1_in_Binary,O(1)_Check_Power_of_2
Fibonacci,House_Robber
Fibonacci,Climbing_Stairs
Next_Permutation_II,Next_Permutation_II
Next_Permutation_II,Permutation_Index_II
Next_Permutation_II,Permutation_Index
Next_Permutation_II,Permutations_II
Delete_Node_in_the_Middle_of_Singly_Linked_List,Remove_Nth_Node_From_End_of_List
Partition_Array_by_Odd_and_Even,Partition_Array
Submatrix_Sum,Subarray_Sum_Closest
Submatrix_Sum,Subarray_Sum
Segmemt_Tree_Build_II,Segment_Tree_Build
Find_the_Missing_Number,First_Missing_Positive
Longest_Words,Length_of_Last_Word
